,Customer Name,State,Product,Units Sold,Unit Price,Total Sale,Sale Date,Sales Channel,Order ID
0,Unknown Name,Rivers,Keyboard,48,158687.85,,4/27/2025,Online,
1,allison hill,Lagos,Headphones,48,267992.94,,3/15/2024,Wholesale,4c636e95-025f-4543-8997-623ae0723d96
2,noah rhodes,Anambra,Keyboard,48,42364.41,,12-10-2024,,edaf3766-1b78-4ede-9a4f-fc0c9165f2ed
3,angie henderson,Delta,Keyboard,48,279444.94,,04-05-2024,,74503887-48d9-4846-95c5-51fcfba57cc8
4,daniel wagner,Delta,Tablet,48,95899.74,,01-12-2025,,8639bd41-8b15-4d94-a42d-0cd7fd359f6a
5,cristian santos,Oyo,Camera,48,118189.9,,8/30/2023,Direct,225aed6c-f045-4043-a3a6-8a707e710b55
6,connie lawrence,Rivers,Tablet,36,185141.9,6665108.4,09-10-2024,Wholesale,45d8a6ad-77d0-459e-8114-14f8d9df0d0e
7,abigail shaffer,Oyo,Camera,48,118189.9,,8/30/2023,Direct,225aed6c-f045-4043-a3a6-8a707e710b55
8,gina moore,Imo,Keyboard,48,252859.28,,09-04-2024,Online,54a7b69b-1cd6-4b09-8f0e-6d2b315c167a
9,gabrielle davis,Kano,Camera,48,178320.53,,2/21/2024,Wholesale,a5f60735-757b-4b29-bb2a-a1462999394c
10,ryan munoz,Plateau,Tablet,48,152440.84,,06-02-2025,Direct,039b058c-2faa-4e0b-b7f6-0cdf41dc1c60
11,monica herrera,Niger,Keyboard,48,158687.85,,2/28/2024,Direct,4b86b5a1-ca6f-4ff8-964c-fbd2bc92fd81
12,jamie arnold,Abuja,Laptop,3,153159.37,459478.11,05-02-2025,Retail,317304b5-c1dd-484a-aca5-8d95915a1c30
13,Unknown Name,Lagos,Tablet,43,147209.07,6329990.01,11-10-2023,Wholesale,a383889a-db2c-4ac8-9c67-83932ced3c0d
14,lisa hensley,Kano,Camera,48,169095.82,,1/13/2025,,6d7df5d0-d3b5-4af7-a7ce-378fe5a4983b
15,michele williams,Enugu,Tablet,27,142730.33,3853718.91,01-12-2025,Direct,
16,dylan miller,Delta,Charger,48,5482.77,,6/30/2025,Direct,669d01ff-1634-425b-93f3-007383e96ef4
17,brian ramirez,Bauchi,Charger,48,99706.26,,01-04-2025,Retail,fb4fb88a-2f4d-4219-986b-2880ab545a15
18,holly wood,Katsina,Laptop,28,33326.57,933143.96,11/17/2024,,ef9240b6-52d7-4f10-ba3a-6e9623ff23d3
19,derek zuniga,Lagos,Headphones,43,125253.81,5385913.83,11/23/2023,Direct,6231ee73-42c2-42eb-81bf-9e733f800385
20,lisa jackson,Imo,Headphones,77,92649.51,7134012.27,3/18/2025,Online,4459bd6e-c0f6-4229-b25d-42593c4b1eec
21,carla gray,Enugu,Camera,36,158687.85,,4/16/2024,,951c25d5-4d4c-4280-9462-52e7f43ba052
22,margaret hawkins,Imo,Monitor,48,269680.75,,08-09-2024,Wholesale,42f525b9-02ed-43ce-92a8-1713b90ed44b
23,patty perez,Niger,Headphones,33,261693.68,8635891.44,01-01-2024,Retail,3c7e5368-b159-4847-9c0b-9b10a757cb10
24,ethan adams,Delta,Camera,48,188963.51,,10/13/2023,Online,77242041-1e43-4bd2-aaf4-07f70fe76149
25,tommy walter,Ekiti,Laptop,4,179274.43,717097.72,12/14/2023,Online,afa28559-67c9-4204-a8e3-33b64e8adc4b
26,Unknown Name,Plateau,Monitor,48,80026.37,,3/17/2025,Wholesale,e346f415-e526-4a2b-ac50-ace480a52e65
27,matthew foster,Anambra,Monitor,48,196849.5,,10/26/2023,Retail,b0b6dedf-4f9c-4027-8514-4d98b41c504f
28,judy baker,Lagos,Charger,42,291631.03,12248503.26,01-10-2024,Direct,f0cd7f05-ea87-455e-a382-95d31e0ef546
29,justin baker,Kaduna,Keyboard,48,173753.06,,3/15/2025,Retail,
30,stephanie ross,Niger,Monitor,7,68649.2,480544.4,7/28/2024,Direct,3889936a-9d58-47e8-9e17-5b664b87959f
31,zachary hicks,Sokoto,Phone,48,158687.85,,7/31/2023,Wholesale,7a6a2107-2231-4050-b515-94943818cfd3
32,anthony rodriguez,Anambra,Camera,68,15880.87,1079899.16,4/16/2024,Wholesale,fd247c11-bf6b-4cdf-b479-7b6127372b52
33,rebecca henderson,Oyo,Monitor,96,144394.41,13861863.36,9/13/2024,Online,b3b26337-6a74-4bb7-9fa5-e0aa9b11b530
34,james ferrell,Enugu,Monitor,48,157507.58,,9/27/2024,Online,c1e1b94a-7888-4058-a9ad-0e9b8c9aa1e9
35,tricia valencia,Sokoto,Phone,48,216494.26,,4/22/2024,Online,d35ac07a-aa02-47d0-8d4f-8b2b899ac252
36,nathan maldonado,Rivers,Monitor,48,232494.54,,07-08-2024,Wholesale,ae2ae341-3f59-44f2-8309-3b6e37e9d2e2
37,debra davidson,Kano,Keyboard,48,114367.01,,3/26/2025,Direct,c9912032-df85-4777-9887-4bfec1369c65
38,jeffrey chavez,Benue,Phone,65,246587.56,16028191.4,09-11-2024,Wholesale,87365a84-725e-434d-8687-9aa914f573d0
39,Unknown Name,Rivers,Charger,79,73037.87,5769991.73,10/19/2023,Wholesale,ead08c89-13fe-4a29-9c9d-eee0b42a0456
40,sherri baker,Osun,Tablet,48,171984.8,,10/28/2024,Online,d42a895e-0fcf-401f-9cb9-b73a906d5c8c
41,cassandra gaines,Osun,Monitor,48,158687.85,,5/27/2025,Retail,33c08bf1-8167-499f-a723-ada38c32bdb2
42,elizabeth fowler,Katsina,Monitor,48,210306.01,,9/15/2023,Online,2a1f1b61-265c-49d9-8962-8f6e929c93b3
43,brittany farmer,Anambra,Camera,4,57639.91,230559.64,8/31/2023,Retail,
44,paula moreno,Abuja,Keyboard,48,132591.05,,03-07-2024,Direct,711c7673-8535-4a69-9abf-984e53ff8461
45,fred smith,Ekiti,Camera,48,125924.7,,5/15/2024,Direct,b787ef8d-3495-411e-ae27-d4321dc1e7eb
46,sherry decker,Imo,Tablet,48,124181.55,,1/17/2025,,e61d9cde-1747-4387-bd23-d47995492a82
47,anthony humphrey,Rivers,Monitor,48,61565.56,,1/19/2025,,0e3e25f2-cf06-41c7-b20b-274b82a7f586
48,angelica tucker,Benue,Keyboard,10,150794.94,1507949.4,7/16/2024,,6a5943ce-8364-45e3-a1c7-1aa3741423b5
49,philip cannon,Kano,Phone,48,183637.68,,8/22/2024,Direct,8f0d5540-0ec7-4662-905c-7bdd74f0beae
50,john pierce,Imo,Monitor,19,141745.84,2693170.96,5/25/2024,Online,4ee4334e-ce92-4136-ac3a-812f765e6cb5
51,shane henderson,Borno,Charger,48,158687.85,,2/27/2025,Online,41241bb4-655c-4508-8592-bfa5b928e23f
52,Unknown Name,Katsina,Monitor,48,254588.91,,5/24/2024,Online,37c86152-beed-4af9-80c5-9f30d1031424
53,joshua blair,Osun,Headphones,48,218356.93,,04-10-2025,Wholesale,6c776e95-0b98-4ccd-92b2-102d940c3503
54,eric carney,Plateau,Keyboard,48,211879.68,,9/29/2024,,8a89b0f0-1052-41d3-b34c-6c7358330b30
55,jessica holmes,Enugu,Headphones,48,155845.62,,09-06-2023,Online,e4eb8000-ef40-4162-8f6c-e9bffe7ee362
56,danny morgan,Kano,Phone,48,168485.59,,10/16/2023,,78d9a88a-ef0b-4a4f-bc73-7d9211ab3d11
57,crystal robinson,Abuja,Monitor,48,299437.8,,3/13/2024,,
58,mark perez,Delta,Phone,48,143772.11,,11/20/2024,Wholesale,2e13418d-68ab-40ea-897e-c6d1081fc6dc
59,shannon jones,Borno,Laptop,48,113359.02,,09-06-2023,Direct,a43afb7a-c40d-4874-a2ab-7752c4db5a62
60,michael lewis,Kano,Monitor,48,287027.3,,6/24/2024,Online,f6ba745b-a558-41e3-bab2-b77dfa740cc8
61,timothy duncan,Delta,Headphones,48,158687.85,,07-06-2024,Wholesale,e42e707a-fe2b-4987-9fdc-abbf6b9cd71c
62,richard aguirre,Rivers,Keyboard,93,138169.23,12849738.39,12/20/2024,Direct,eac80da1-de9f-4f5b-b2d3-545861ea2f30
63,brent jordan,Benue,Headphones,48,160171.56,,8/15/2024,Direct,148b4376-602a-4e57-a0a3-99d4e821e716
64,john daniel,Anambra,Phone,48,164108.83,,04-03-2024,Online,dfe2c0a0-a96b-4c42-b6d2-2a7baec76a82
65,Unknown Name,Ekiti,Tablet,48,202922.64,,10/18/2023,,dc3bbdd8-a74e-42a9-a20b-9ea98a0f9508
66,victoria garcia,Osun,Monitor,48,260362.49,,5/22/2025,Retail,fe2b34d8-2db0-428d-9e5e-be5459077299
67,gerald hensley,Kaduna,Charger,94,204383.39,19212038.66,4/14/2025,,2099d180-8762-4997-a49f-7d888989c5ab
68,connor west,Osun,Camera,48,241193.93,,03-08-2025,,d5b6de85-3902-49d9-ba8d-ae42ba54e920
69,donald wright,Osun,Keyboard,48,79676.47,,09-11-2024,Retail,fa7e5d94-05d1-4b63-8194-f97f00e3a026
70,jessica callahan,Enugu,Charger,48,145511.94,,11/18/2024,Direct,b8168aeb-ac6a-4c85-b687-6c624c61845e
71,amber kidd,Anambra,Charger,48,158687.85,,10-09-2024,Retail,
72,tracy house,Kano,Monitor,61,287222.55,17520575.55,11/29/2023,Retail,6118433b-882c-4d1e-ac93-a7918b60c511
73,carol tucker,Katsina,Tablet,12,84062.42,1008749.04,2/26/2025,Wholesale,75eb89c2-3f5c-42f3-bacb-43a3d2c7bffb
74,james brown,Kaduna,Monitor,48,89900.5,,10/19/2023,Wholesale,3040413c-4690-4b15-a7b6-08dc589decb0
75,william baker,Imo,Tablet,48,282474.92,,06-11-2024,Wholesale,c3f725fe-b99b-4b5a-a00d-a49deffa2002
76,jordan henderson,Delta,Laptop,48,294686.96,,08-04-2024,Direct,a902b73f-cf39-4648-883f-64c31ce362f8
77,whitney peters,Kaduna,Keyboard,48,231466.69,,6/17/2025,Retail,efad49e9-c41c-447e-9d6b-9b626b535a19
78,Unknown Name,Ekiti,Phone,48,211617.83,,5/15/2025,Online,3d9c4e64-0401-4ced-a398-36bbe23ddfaa
79,brittney phillips,Benue,Phone,48,207226.85,,8/23/2023,Retail,980cb95c-19d4-4deb-9139-fa1234c1c3ea
80,lauren daniels,Anambra,Charger,48,146956.42,,4/16/2025,Direct,ac09bdb7-9908-4e47-b249-f62c08987462
81,amy silva,Imo,Camera,48,158687.85,,10/15/2023,Wholesale,3ea6e5b2-0c76-4d28-9f49-5037b40a9181
82,sarah moore,Delta,Laptop,48,144201.13,,8/16/2024,Direct,705fddf5-66fa-4ca0-8b53-1932bd9419aa
83,angela lopez,Sokoto,Phone,48,168366.03,,11-06-2023,Wholesale,c11f6bf5-379e-4467-8a2d-b2e63bfda8a6
84,megan young,Abuja,Phone,93,280378.37,26075188.41,03-03-2024,Direct,23dfecd7-0e73-4dd7-86ac-1b04dd1d6cd1
85,steve sanchez,Delta,Camera,48,216638.48,,11/15/2023,Online,
86,lisa barnes,Abuja,Camera,48,86692.92,,11/13/2023,Wholesale,3bf2025f-4a0d-4b73-be54-ee4b80ff5173
87,kelly donovan,Sokoto,Phone,48,172256.3,,3/17/2024,Wholesale,937bf79b-bb44-4adc-aa98-fef8d0d75e37
88,mike allen,Benue,Headphones,65,163185.67,10607068.55,07-06-2025,Retail,c5c51060-9911-41e7-93d5-63ae51a3ac26
89,michael evans,Anambra,Camera,48,268780.26,,01-11-2025,Direct,3ca5be29-5217-4bf3-9181-83d1ac2b0cfc
90,paul jones,Kano,Headphones,62,118662.47,7357073.14,01-02-2024,,fc568b53-24ac-4722-a052-77394d406f1b
91,Unknown Name,Enugu,Keyboard,48,158687.85,,04-04-2024,,69df14e9-3896-41dd-8570-b59fa903ae67
92,zachary ferrell,Plateau,Laptop,48,103867.84,,07-10-2025,Retail,8e85140d-0f9a-4b70-8670-7cd64ceda164
93,daniel baker,Sokoto,Camera,48,232032.77,,8/17/2024,Direct,bc36dc59-e134-4dfc-9777-7f10f2d2393f
94,shirley suarez,Enugu,Keyboard,74,44369.6,3283350.4,06-05-2025,Online,adc29178-a041-4612-acd5-8759e95d2761
95,christopher bass,Cross River,Tablet,48,13098.91,,2/16/2024,Retail,0c00988a-7ee1-411a-8e4c-3ab56d5d0477
96,lisa archer,Benue,Charger,48,286616.46,,4/28/2025,Wholesale,a4b05c89-f10b-4e9c-982b-91eef8e8035b
97,aimee montoya,Ekiti,Headphones,48,24169.32,,09-10-2023,Online,86433603-c92a-4d7c-a193-5990abdd1a8f
98,matthew mcmillan,Oyo,Laptop,48,277240.88,,1/21/2024,Direct,6883ac6e-6a94-4054-b241-4482519894d8
99,brian rodriguez,Anambra,Headphones,48,196963.63,,12-10-2023,Wholesale,
100,denise jacobs,Oyo,Tablet,48,224327.88,,11/15/2024,,2f12b150-605f-41eb-8cc5-7e0d26332018
101,Unknown Name,Plateau,Tablet,48,158687.85,06-02-2025,Direct,039b058c-2faa-4e0b-b7f6-0cdf41dc1c60,
102,Unknown Name,Niger,Keyboard,48,158687.85,2/28/2024,Direct,4b86b5a1-ca6f-4ff8-964c-fbd2bc92fd81,
103,Unknown Name,Abuja,Laptop,48,158687.85,05-02-2025,Retail,317304b5-c1dd-484a-aca5-8d95915a1c30,
104,Unknown Name,Lagos,Tablet,48,158687.85,11-10-2023,Wholesale,a383889a-db2c-4ac8-9c67-83932ced3c0d,
105,Unknown Name,Kano,Camera,48,158687.85,1/13/2025,,6d7df5d0-d3b5-4af7-a7ce-378fe5a4983b,
106,Unknown Name,Enugu,Tablet,48,158687.85,01-12-2025,Direct,,
107,Unknown Name,Delta,Charger,48,158687.85,6/30/2025,Direct,669d01ff-1634-425b-93f3-007383e96ef4,
108,christina walters,Delta,Laptop,35,158687.85,,09-10-2024,Direct,3db0174e-7938-478a-89b5-aab0c12169db
109,john whitehead,Imo,Phone,48,64589.05,,02-09-2024,Wholesale,db87d29c-4cfd-4fc1-b9b0-2e2ad96e684f
110,anna henderson,Imo,Tablet,48,248471.54,,10/16/2023,Direct,7688d11f-ce47-48be-a4f4-3c62b523c0de
111,Unknown Name,Anambra,Monitor,48,81704.25,,11-07-2024,Wholesale,69a53b4f-8ff8-469d-8ec0-713dea2c7a51
112,aaron wise,Plateau,Monitor,1,168824.4,168824.4,03-02-2024,Direct,87ad8b26-8eaa-4841-aaa0-426df7c0d5f7
113,deborah figueroa,Niger,Camera,48,81850.63,,10/30/2024,,41476506-3e2b-49c9-a36f-6e5c2253e706
114,jessica smith,Plateau,Laptop,48,33213.36,,8/28/2024,Retail,143df5b3-a58e-43dd-948c-1d84340de049
115,stephen mckee,Benue,Camera,9,222396.85,2001571.65,9/21/2023,Wholesale,5efeef4f-d8dd-4bc0-b325-3aa3ec170298
116,sandra aguilar,Osun,Laptop,48,72164.98,,08-04-2024,Wholesale,d453f867-b97e-4224-891f-691217abb863
117,cameron parker,Delta,Tablet,4,15704.25,62817,11/19/2024,,608e149e-44b9-4602-8d31-812e30c36756
118,rebecca valencia,Oyo,Laptop,48,158687.85,,11/18/2023,Retail,0a1fc9df-9a59-4974-9adf-4709ac75c344
119,christine wright,Bauchi,Phone,48,271602.67,,10-12-2024,Direct,cdfd9531-302b-4831-92a1-fe7ddfa59722
120,richard henson,Cross River,Charger,48,68088.66,,10-04-2024,Wholesale,
121,marc moore,Kano,Monitor,44,70234.55,3090320.2,11-07-2023,Retail,abe42e7d-b96c-4163-966b-e275c2fe8954
122,sharon cherry,Abuja,Charger,48,30509.29,,11/20/2023,Direct,3579c143-7ab9-4428-b78e-65108f10d33e
123,sierra johnson,Rivers,Laptop,48,99422.94,,12-03-2024,Wholesale,4d9dbaeb-553d-4625-a833-4da5de95d695
124,Unknown Name,Oyo,Charger,48,141984.97,,11-07-2024,Wholesale,363908bf-03ec-48ff-a8b3-d763f4ff3f3a
125,evelyn galvan,Kaduna,Phone,77,204517.0,15747809,1/20/2025,Direct,bdd151b0-f64a-46ec-b0a5-648eefe9b3d0
126,sharon cochran,Niger,Monitor,7,41671.38,291699.66,06-10-2025,,c11bd1c4-ffe3-4366-bf33-7a151e086f20
127,richard rodriguez,Katsina,Keyboard,48,289373.37,,10/23/2024,Retail,b2149062-3e1a-463e-aa18-d32c7a9a8ef5
128,shannon walker,Kano,Laptop,48,158687.85,,3/29/2024,Wholesale,6589ada1-345a-4934-b42a-2d939aba0f15
129,julia torres,Benue,Monitor,48,293384.26,,4/25/2025,Direct,52555c75-8d55-419e-bd44-cb2cea45ba41
130,crystal johnson,Benue,Charger,48,47803.35,,6/27/2025,Wholesale,775c30b5-6173-4c48-8876-9153c68813fe
131,garrett lin,Katsina,Keyboard,48,196041.39,,9/20/2024,Direct,4ef4c34d-5bf8-4f3c-a612-9a1c889d4b76
132,diana may,Ekiti,Headphones,48,264253.91,,08-11-2023,Wholesale,e1fff6c0-8347-41da-9c11-ab6d42f5b3f5
133,william herrera,Bauchi,Monitor,48,142972.04,,04-11-2025,Online,cd8563ca-193e-438d-b74c-0afa7f4d908c
134,ashley waller,Anambra,Headphones,48,195336.34,,05-11-2025,,
135,victor baker,Imo,Tablet,48,226895.36,,08-02-2023,Retail,c2fa1da8-7830-4631-b8f0-188efb37afae
136,jeffrey chandler,Lagos,Keyboard,56,86529.89,4845673.84,09-12-2023,,340029c3-ea11-405b-91fa-cefad6f89f7a
137,Unknown Name,Rivers,Keyboard,48,85981.89,,8/15/2023,,0bb401e7-69f7-43f1-901b-a8515ee68495
138,larry dixon,Imo,Monitor,48,158687.85,,11/20/2024,Retail,bdc2b74b-38a5-4b49-9d34-aa1890019ed4
139,kenneth scott,Anambra,Tablet,48,18219.19,,2/28/2025,,8da5d39b-42c2-4797-8426-fcc9255b30e2
140,april frost,Sokoto,Charger,48,230733.14,,9/30/2024,Online,b852b3cd-9442-45e6-9583-1d58ef4c5119
141,michelle harmon,Rivers,Camera,6,195863.47,yyu,02-01-2024,Direct,32399ffb-2704-4f25-8b91-b8cb6ae66582
142,helen jones,Borno,Laptop,48,70049.95,,11/27/2024,Retail,91ddb9bf-613d-4de9-bae2-802354720d2d
143,erin edwards,Niger,Tablet,8,221736.61,1773892.88,12/21/2023,Direct,8cf6e8b8-7fd2-48c3-bee8-2983d5574241
144,michelle evans,Kaduna,Keyboard,48,255174.76,,2/25/2025,Wholesale,566a9ce7-af52-4b94-b186-e47aa7946320
145,jason powell,Ekiti,Camera,28,11670.82,326782.96,9/27/2024,Online,7d1645a0-d253-4966-836b-9a0a41e02a89
146,cameron fisher,Lagos,Keyboard,48,276480.53,,5/29/2024,Direct,bd5609c4-a446-4663-b93b-17fbf76d15fd
147,megan orr,Anambra,Monitor,48,125656.55,,11-02-2024,Direct,bb96f602-2b11-4c36-b5f8-e3a87d97ac0f
148,elizabeth kelley,Bauchi,Charger,16,158687.85,,11/18/2024,Retail,
149,dustin jordan,Kaduna,Phone,48,251362.66,,08-03-2023,Wholesale,23d4526b-2b54-4f7a-9a28-37b2cb8383f2
150,Unknown Name,Bauchi,Keyboard,56,280209.82,15691749.92,7/31/2024,Retail,2f1dc121-7d02-4c6d-8bea-75c1b86677aa
151,mary marshall,Rivers,Charger,48,11383.78,,5/31/2025,Wholesale,fd85d7fa-8ac9-4b01-a3ad-64d4eab9eb02
152,daniel kennedy,Borno,Headphones,48,250942.86,,11-09-2024,Retail,862138ad-0f09-405c-b50d-7a37a44d9fec
153,rebecca jackson,Bauchi,Keyboard,48,236494.21,,09-06-2024,Direct,13075157-d8c1-48e7-96cd-315508a8ac7f
154,jose schultz,Katsina,Camera,48,56300.33,,2/20/2024,Direct,0c6b7074-ab10-4c9b-9168-2e09f1f7d904
155,robert potter,Enugu,Charger,46,224826.46,10342017.16,11/20/2024,Online,2332a50e-6992-496e-81a2-5ed1c3abb5f1
156,courtney gonzalez,Oyo,Tablet,48,261751.06,,03-01-2024,Direct,116658ce-3b3f-4800-a175-a9c3d7b102a9
157,david alvarez,Osun,Charger,48,87195.36,,7/20/2024,,37fe032c-0257-4851-a6a9-e100b509109b
158,angel perry,Kaduna,Tablet,48,158687.85,,1/17/2024,Direct,0f79a8a7-5f8a-44bd-b4bd-0c938177b661
159,cheyenne horton,Imo,Tablet,48,11721.12,,3/27/2025,,ef145064-aab0-4015-a342-2e509e2a7324
160,david douglas,Bauchi,Phone,48,89868.47,,3/29/2025,Direct,a8c6dbc0-7bb3-447b-a9aa-144b9dd43675
161,patricia rodriguez,Lagos,Camera,48,181033.5,,12/24/2024,,883f13c6-01b1-48e9-8406-ff447ce40679
162,christopher rubio,Katsina,Laptop,48,278572.23,,5/21/2024,,
163,Unknown Name,Sokoto,Camera,48,100845.11,,2/27/2024,Direct,04482a22-0308-4a5e-a94d-7b008d388327
164,amber wright,Cross River,Monitor,48,136577.55,,6/27/2024,,892621df-4655-48b7-b8e1-9f568787ea21
165,joyce solis,Lagos,Keyboard,48,192573.07,,09-05-2023,Online,80913ac1-0463-450e-8964-6b96fa3c1628
166,victoria larson,Rivers,Camera,48,157533.4,,12/26/2024,Wholesale,6e3a0ba8-ac8d-4c7d-b2a6-e468d02b1243
167,stephanie salazar,Osun,Keyboard,48,266833.36,,8/26/2023,,2de46e91-e8e6-4840-b090-f5a0ce610199
168,kathy rivas,Borno,Keyboard,47,158687.85,,11-10-2023,,863e1f2a-18a8-46ef-ab05-3fc41b656dab
169,stephanie manning,Delta,Keyboard,56,40692.88,2278801.28,6/16/2024,Online,9ea9f508-3122-4592-bdb0-2235261e2555
170,david wright,Abuja,Phone,48,151511.7,,5/28/2024,Online,5abca6e5-d0b1-43eb-809e-7a8086c5d1d6
171,pamela boyd,Delta,Laptop,48,82214.71,,7/21/2024,Retail,143a9aff-659b-4105-8b80-f288446f64dd
172,denise jones,Plateau,Tablet,68,242739.76,16506303.68,07-05-2024,Wholesale,7580e050-67f1-498c-b594-8a545f804eeb
173,devon flores,Kano,Camera,48,99539.89,,12/16/2023,Retail,b27e1442-fd7f-4973-be42-df5b90a3fbbf
174,brenda hall,Kano,Monitor,48,219470.21,,3/31/2024,,d3fbe043-af1d-4a1a-8ccb-235539d1c7ff
175,michelle brown,Cross River,Camera,48,194661.46,,10/24/2024,Online,fdde64af-a75b-495a-94a3-4f7fd90dd19b
176,Unknown Name,Kano,Tablet,100,215720.15,21572015,10/30/2023,,
177,joshua perry,Imo,Charger,48,4718.22,,03-09-2024,Direct,081c79d4-c274-47eb-a65f-7b8adbb44021
178,jason stein,Oyo,Keyboard,82,158687.85,,05-10-2025,Wholesale,608e2f5c-6117-4270-a7c0-518b17efa621
179,melissa gates,Oyo,Charger,48,101465.1,,1/18/2025,Direct,a301ec03-0e5d-4c6a-b9db-78628d7dd772
180,jamie smith,Cross River,Monitor,48,88859.77,,3/15/2024,Online,152aeaec-2bdf-4b41-b3ed-a8f1026b5383
181,paul castaneda,Imo,Charger,48,202483.14,,1/31/2025,Online,a518a418-6f14-43f6-9867-888b7ff6b824
182,jennifer adkins,Kaduna,Charger,83,58351.81,4843200.23,05-09-2025,Online,fa323f69-90db-4ad6-94ce-26bec8cce2c2
183,lindsey walker,Anambra,Keyboard,31,183480.87,5687906.97,04-04-2024,Wholesale,e5110961-1869-4217-b94d-8fcbdba3496f
184,jeffrey johnson,Bauchi,Tablet,48,191798.38,,5/15/2024,Retail,3ad1fa33-0ae4-4c11-ab4d-8f42873570a2
185,michael powell,Katsina,Tablet,26,121944.37,3170553.62,10/20/2023,,b139c476-de3c-488b-a6b9-d31a361f6d90
186,john anderson,Niger,Tablet,78,128597.12,tkjk,2/20/2025,,45667c48-79ba-430a-9118-c400e336c243
187,alyssa long,Enugu,Camera,48,98714.03,,4/23/2024,,af36b8cc-1308-4974-ac95-b3ac0beb7c34
188,alyssa day,Imo,Laptop,10,158687.85,,8/13/2024,,8b040f53-e639-49d4-87c6-8688ecf32053
189,Unknown Name,Enugu,Camera,48,120549.56,,9/19/2024,,2dea2d2d-086c-405f-a879-d8f890422eb7
190,joel williams,Borno,Charger,48,29067.84,,10-01-2023,Retail,
191,daniel murphy,Benue,Laptop,48,294514.72,,3/14/2024,Direct,04022b3c-5082-41a5-99b5-9f84edc3a1c3
192,jamie walton,Osun,Headphones,48,143497.5,,1/14/2024,Wholesale,24e9bcfd-9647-4f9f-b508-507af622d842
193,darlene miller,Ekiti,Camera,48,280779.7,,07-07-2024,Direct,d226a8b3-b674-410d-9218-c9d6c093bfb0
194,joshua cooke,Bauchi,Camera,48,2545.62,,10/14/2023,Direct,4c9d6907-13b2-4cec-adca-bf9465f6ba53
195,matthew harrington,Ekiti,Keyboard,48,115380.53,,02-03-2024,,9112fbc0-3d8f-45f4-905f-9096299656e2
196,nicole herring,Rivers,Tablet,48,134297.29,,6/24/2024,,ad5229dd-639f-4471-9975-0f00d5aba8ae
197,alex hernandez,Delta,Tablet,41,80464.8,3299056.8,1/19/2024,Retail,6243bed7-54ec-4f33-8a62-4cbde582b678
198,michael elliott,Delta,Laptop,57,158687.85,,10/28/2023,Wholesale,ca5e151b-23d3-4d4c-bd5f-f093c16f9bcc
199,michael wang,Kano,Camera,48,99222.78,,9/24/2023,Online,1413d64d-b962-48a7-b076-a7dcfd0ce433
200,lawrence adkins,Sokoto,Tablet,48,174947.0,,8/19/2023,Direct,588a3f87-f96d-40f8-bed6-3da08033f5c2
201,robert oconnell,Lagos,Camera,48,172076.77,,2/21/2024,Online,3b6dca0d-6fe5-440b-9901-ef870dbf0caf
202,Unknown Name,Plateau,Charger,48,78835.17,,05-04-2024,Wholesale,9aec56a8-5731-4609-9375-ee90d6b361e4
203,alexander collins,Imo,Headphones,65,108185.85,7032080.25,05-12-2025,Direct,9879cf35-f471-4986-9d26-4599c4dd8df5
204,tina sanders,Delta,Tablet,48,71272.62,,10/30/2024,Online,
205,angela vaughn,Plateau,Phone,58,200501.94,11629112.52,5/30/2024,Online,538d6b8c-c607-41e9-b80b-2cea658e54a2
206,ashley barton,Delta,Headphones,48,139885.8,,1/19/2024,Retail,c8969c5b-45f8-428d-a255-e1bb07958c1f
207,lindsay martinez,Lagos,Tablet,37,48335.19,1788402.03,5/13/2025,Wholesale,3a67470c-7d98-402f-b357-41e5fe1a1ba9
208,hannah patterson,Kano,Phone,83,158687.85,,06-10-2025,Wholesale,601bfbcb-f0ee-4cce-8d93-e14a5b167158
209,jonathan peterson,Abuja,Phone,48,205979.05,,11-12-2023,Wholesale,95fbe976-ae00-4b7e-af8c-83e56e8d9644
210,samantha garcia,Delta,Tablet,48,276970.25,,04-02-2025,Direct,c5acc354-15f0-4cb4-a14c-721da921cb4c
211,madison poole,Kano,Headphones,48,266396.52,,3/21/2024,Retail,3f175534-cc4d-4819-8b9d-fd589e5d9c7a
212,jessica gross,Abuja,Keyboard,48,231067.39,,07-05-2025,,4499d0a6-1500-4170-92d1-5585b68e47fa
213,debra morton,Sokoto,Laptop,48,207241.97,,10-01-2024,Direct,c8ad0899-b630-494d-a147-adeb277b0667
214,karen graham,Kano,Phone,48,191794.04,,1/21/2025,Wholesale,63be441d-bd5a-4c9e-a77e-b0aaa247541d
215,Unknown Name,Bauchi,Tablet,48,282220.37,,03-09-2024,Direct,176de21f-1b46-4bdc-9c56-d9bc5111d31d
216,debra christian,Delta,Keyboard,48,110579.4,,12-05-2023,Online,71da35b9-4eea-4db8-b165-d77901547950
217,angelica keith,Anambra,Keyboard,65,66644.35,4331882.75,2/22/2025,Direct,1a2bd69c-450f-49ee-82e7-9a985c238d8d
218,john bishop,Cross River,Keyboard,48,158687.85,,11-11-2023,Direct,
219,allen rosales,Enugu,Charger,48,287229.48,,08-01-2024,Wholesale,6e54ac6d-2ff8-487e-9659-1c8921ebfaa9
220,daniel salinas,Imo,Headphones,92,143715.48,13221824.16,8/13/2024,Online,832f52c4-8e03-40cf-8e96-922772e76b51
221,spencer haynes,Oyo,Phone,48,136766.11,,07-07-2024,Wholesale,16f142a2-06b9-49aa-9a71-67c768759545
222,adam vaughan,Plateau,Tablet,23,296656.97,6823110.31,08-01-2024,Online,98d00c2c-17d3-4f32-8de1-596c5a9a206a
223,nathan freeman,Plateau,Keyboard,48,112400.64,,5/23/2025,Online,dd1ca267-530d-4da6-88d0-f9e5991965ea
224,melissa brewer,Cross River,Laptop,48,210731.25,,03-06-2024,Online,69ef74e3-4ab6-421c-8328-c136629ef3d8
225,ricky davis,Delta,Laptop,48,273882.67,,7/31/2024,Wholesale,b98f5dbe-15ae-4e0f-8777-a07f6346d4ef
226,elizabeth perkins,Cross River,Monitor,79,227326.48,17958791.92,7/29/2023,Online,fe2390f3-e7bb-4efc-8f3d-c97fe6b0da0a
227,joseph coleman,Niger,Keyboard,48,240697.5,,9/18/2023,Retail,85671b58-926b-4fa5-be24-5fbffa698cd2
228,Unknown Name,Enugu,Laptop,48,158687.85,,05-11-2024,Retail,2b64777c-6177-4771-af70-de702b69c95e
229,erin warner,Rivers,Phone,48,247768.25,,08-06-2024,,44b64ec1-4d16-4049-84d7-df9a238b05b7
230,david martinez,Rivers,Headphones,48,228676.96,,6/30/2024,Retail,2ace1aa9-1032-46b3-a55b-fc1c7e3d5ee4
231,bryan herrera,Niger,Headphones,48,204262.41,,1/13/2024,,4cbc9044-6bcd-4ce7-86a5-6fe86f46f1b1
232,cathy robinson,Osun,Tablet,48,178946.43,,12/25/2023,Retail,
233,william warren,Niger,Laptop,48,236317.52,,10-06-2024,Wholesale,5c72aebd-13b1-4e59-885c-d7147bf69552
234,brian lee,Niger,Camera,48,157889.24,,04-10-2024,,b88cddde-3f20-46c2-b1b8-8d65406f64d6
235,christopher smith,Ekiti,Laptop,48,158687.85,,8/17/2023,Direct,9dde0188-9803-422e-beec-e88da002352a
236,denise mccann,Abuja,Monitor,48,108854.57,,8/19/2023,Direct,22af711f-1b62-4a9d-b536-6b9f320f72c0
237,melissa martinez,Rivers,Camera,48,275214.79,,2/14/2024,Retail,654c11d9-f2e6-4828-81bb-819c4dfe1117
238,katherine salas,Abuja,Monitor,78,158687.85,,7/29/2024,Direct,614077d3-9ec4-4a48-9773-f98d550c2fe9
239,julie alexander,Benue,Keyboard,43,34106.53,1466580.79,10/17/2024,Retail,70b27304-545c-488d-9cb9-075ecdd7f460
240,anthony everett,Sokoto,Keyboard,48,248717.83,,5/26/2025,Retail,d2d33488-d0c3-4018-ae3c-dd4f55b145e4
241,Unknown Name,Rivers,Tablet,48,270915.0,,4/25/2025,Direct,982a2277-f966-459f-a6aa-59e5dc08bf29
242,rodney morales,Delta,Monitor,48,61045.96,,11/30/2024,Direct,9a6c0db9-5217-4c88-8ce9-53a722d90db3
243,mark brown,Enugu,Tablet,48,161229.72,,12/14/2024,Online,7aa061e9-336b-40cb-b1fe-ad13f280df1d
244,justin torres,Enugu,Phone,51,49778.88,2538722.88,07-10-2024,,65f30779-f6ee-4cdb-ad79-a2d1506e50c7
245,bailey duran,Imo,Laptop,48,256418.56,,2/17/2024,Retail,bc20b9f2-4a9c-489e-91b3-0182f7fe604f
246,courtney mills,Ekiti,Camera,48,132831.25,,8/30/2024,Direct,
247,jeremy dalton,Oyo,Camera,48,204248.42,,7/17/2023,,f7bf5244-7db2-47aa-a205-e54fb1e8c09d
248,elizabeth oliver,Niger,Tablet,48,158687.85,,4/29/2025,Direct,536d47d7-3e0f-44ce-882f-78fd936cd31c
249,theresa clark,Kaduna,Laptop,48,215216.93,,10-02-2023,Direct,c92e8c93-d105-48d6-87c1-c01760452909
250,matthew moore,Anambra,Headphones,48,146903.98,,06-09-2024,Online,ee9bf3e1-1d27-409a-9d71-a89864976593
251,benjamin smith,Ekiti,Camera,48,269717.36,,10/23/2023,Retail,ff4cc10f-979c-40cf-b326-1887905881df
252,kirk carter,Delta,Headphones,48,133922.07,,5/26/2025,Retail,c4829b71-ae84-481c-ae0f-b5b38bae591e
253,michael warner,Kano,Laptop,48,17162.92,,02-01-2024,Wholesale,ba2aa7ba-f3f8-4c31-86e3-f9498cd34c62
254,Unknown Name,Ekiti,Headphones,48,40017.33,,1/26/2025,Online,35ab8466-b557-4b00-b166-cdcf762cdfbc
255,michael bradshaw,Imo,Phone,48,124919.66,,4/20/2024,,d4cee27c-4a94-4e9f-8c35-1e4f703e957f
256,lori guerrero,Rivers,Monitor,40,169391.4,6775656,2/23/2025,Online,d908a121-d1a7-4a20-91b4-61e9b15da72d
257,jessica stephens,Abuja,Keyboard,48,167859.76,,5/19/2024,,ac484366-68bd-40d7-8b88-1c32cbb02a8b
258,susan serrano,Imo,Keyboard,48,158687.85,,4/20/2024,Retail,4d8670bd-a222-4f96-a3a1-3e207fd255ee
259,christopher parker,Lagos,Tablet,25,201993.93,5049848.25,8/15/2023,Wholesale,2775ee42-a89e-42f2-80af-bf3f3df51967
260,laura roberts,Kano,Phone,18,92796.78,1670342.04,5/17/2024,Wholesale,
261,michael lyons,Delta,Camera,48,7020.25,,8/19/2023,Retail,6082786f-ca00-4f58-ac52-1d13b719bb68
262,kathryn snyder,Kaduna,Tablet,48,76709.94,,9/25/2024,Direct,9912316a-fd9e-4e20-b2f6-095812ef6101
263,andrew reynolds,Niger,Tablet,48,1403.13,,9/19/2024,Online,88cc4d49-669b-49b8-950d-f1a07aaf2001
264,david davis,Cross River,Keyboard,48,65761.44,,12-09-2023,Wholesale,dea050c6-eb9e-4274-ac6a-37ad81b15db9
265,sara johnston,Cross River,Laptop,48,22372.34,,4/17/2024,Direct,09697101-8b2c-450a-ab15-c11bb113d50b
266,yvonne chambers,Enugu,Camera,48,127397.37,,09-12-2024,,b39e4df2-5c0a-4feb-b7ea-e66eca6caf9b
267,Unknown Name,Benue,Tablet,48,210265.27,,2/20/2024,Wholesale,98049562-8972-4bbd-8ff2-b1c4e53f9644
268,andrew avila,Abuja,Camera,49,158687.85,,09-06-2023,,1bffa279-15c1-404f-aa16-3354a35fc9c1
269,matthew moon,Kaduna,Monitor,21,162578.47,3414147.87,05-06-2024,Direct,aa2960fd-a858-44df-bf8c-1097c4da2c2e
270,kevin walters,Benue,Laptop,48,18546.56,,08-05-2024,,9cd8758b-a5a1-4825-aa95-28c35ae1dbad
271,brandon bailey,Lagos,Camera,48,268318.42,,6/24/2024,Direct,a520c3d0-fbcd-4f5e-902f-34650b570720
272,shannon rivera,Benue,Headphones,57,295848.11,16863342.27,2/23/2025,,f780ef2f-664d-4922-a590-fd3cad6ecc57
273,donna landry,Anambra,Tablet,48,141885.32,,09-10-2024,Online,cbd5cc86-f739-46e9-94e3-8579c0afd193
274,krista gibson,Ekiti,Headphones,48,86483.67,,2/13/2024,Wholesale,
275,frank cordova,Borno,Laptop,48,54404.41,,04-12-2025,Wholesale,193e4783-02b3-4254-9b1f-2eb16e3255a8
276,jose travis,Niger,Phone,48,41060.95,,11-06-2024,Direct,bf31c29f-82bb-4d84-b8d5-101f423cad9d
277,kimberly gutierrez,Imo,Headphones,48,192636.74,,12/20/2024,,b00ac64c-949c-48d4-8ed8-a80d84cfee39
278,isaiah avila,Cross River,Tablet,58,158687.85,,10/27/2024,Retail,5fc64cd0-721e-4b1f-b895-89399342a09f
279,olivia harris,Oyo,Tablet,69,218922.21,15105632.49,10-11-2023,Wholesale,adf75924-c5b8-486b-b68b-4f7e64215e66
280,Unknown Name,Enugu,Keyboard,48,289152.88,,10/18/2023,,2697384d-801e-4690-b0c0-7fcc96add4df
281,tanya kim,Borno,Laptop,48,112651.05,,9/24/2023,,7b96e2d1-0649-4cf6-bf69-723d584fc85b
282,barbara dudley,Enugu,Keyboard,48,267454.41,,05-11-2024,Online,eba900e1-6a7d-4d96-8ba1-72331ac3bf31
283,cynthia moore,Abuja,Tablet,48,134836.87,,4/25/2024,Retail,d4d13d55-1db6-4844-95fa-9483f633cc2d
284,kristen davis,Plateau,Monitor,48,275175.97,,3/19/2025,Wholesale,592c1107-2444-4301-baeb-286bf0d0270f
285,susan murray,Imo,Tablet,48,113560.16,,3/30/2024,Online,c8c5eb2a-7490-4deb-97d3-37d34fd80bbb
286,kathleen moran,Abuja,Keyboard,48,24534.87,,9/16/2024,Retail,592a3549-7ba1-49d0-8567-c80534f541c0
287,denise davenport,Sokoto,Keyboard,54,289261.24,15620106.96,07-09-2025,Wholesale,b8d49848-702b-449f-98fd-d2b979e5c9aa
288,kristen reyes,Abuja,Laptop,48,158687.85,,4/19/2024,Online,
289,katie suarez,Abuja,Phone,48,262428.84,,2/16/2025,Retail,1132567c-51a4-4d2a-b3d3-9457b25f13df
290,desiree tyler,Plateau,Monitor,48,40330.45,,10/31/2023,Wholesale,b5f59cb0-cf68-4878-8b70-59334cde1b6b
291,timothy romero,Cross River,Charger,48,258155.83,,12-12-2023,Retail,57d3f4dd-d963-4c72-85c8-234b1d763a66
292,diane evans,Bauchi,Tablet,71,36030.63,2558174.73,10/20/2024,,ccd015c1-ad59-40dd-9bff-3142a5e15b55
293,Unknown Name,Bauchi,Phone,48,297857.61,,08-09-2024,Direct,bd90b81a-fbe0-46b8-ae0f-65a82a131c1f
294,yvonne burns,Kaduna,Laptop,48,118221.06,,5/17/2024,Direct,8d49fe3f-2ca8-4783-8418-2d353e711433
295,joshua reed,Abuja,Camera,11,38640.45,425044.95,08-02-2024,,6d268b37-8f52-42d3-94bb-bcf828fea761
296,kimberly gibson,Bauchi,Phone,48,293627.95,,08-11-2023,Retail,cc39b925-3b5a-4288-b649-2e64f55dce6d
297,colin terry,Kano,Tablet,66,250529.07,16534918.62,8/15/2023,,2fb70dab-2f38-4b43-a137-f8e467b13040
298,cynthia rowe,Kaduna,Phone,56,158687.85,,08-10-2023,Direct,6544e313-6ea0-4d13-a845-54c3a3f66c61
299,patrick thornton,Kano,Headphones,48,226975.73,,10/25/2023,Direct,e212ab7c-9d36-4cb6-bcc5-7be00779250a
300,jasmin alvarado,Katsina,Keyboard,45,293557.96,13210108.2,1/15/2025,Retail,6df72cd3-979a-4051-b317-591a3283daa4
301,veronica simpson,Kano,Keyboard,54,139169.67,7515162.18,3/25/2024,Direct,36fce0ac-b469-4db3-8123-a348638abdf6
302,jonathan lawrence,Delta,Tablet,48,215868.65,,3/26/2025,,
303,shelly alexander,Benue,Headphones,48,127526.34,6121264.32,07-12-2024,Retail,b4299924-c098-4750-8741-9b4834ae4abd
304,joyce bowen,Rivers,Monitor,50,114093.3,5704665,8/17/2024,,93cd1291-1004-4d82-8bc7-2f1acf08ea54
305,matthew moore,Plateau,Keyboard,48,69284.39,3325650.72,6/29/2024,Retail,89718eea-df3a-498a-8cac-2fb51a0c6c04
306,Unknown Name,Delta,Laptop,48,138457.27,,11-03-2023,Direct,327375bf-5373-4f4d-9da4-9cb92fdc9992
307,wayne morgan,Plateau,Keyboard,48,46958.85,,10/23/2024,Wholesale,abb316a7-4329-4780-9d2c-272175220646
308,marie christian,Katsina,Charger,48,158687.85,,06-03-2025,Retail,f7464c02-8718-44c1-bd4e-d26edcd5bfae
309,shannon james,Abuja,Monitor,19,56949.9,1082048.1,8/14/2024,Retail,637ddcd6-98d3-448b-903b-4078a39c9ec6
310,nathan malone,Katsina,Charger,48,262624.85,,10/27/2023,Wholesale,1d3e503a-9645-40e4-a47d-c3929c7eb575
311,amanda jones,Kano,Charger,48,229764.23,,3/21/2024,Direct,753659ef-d873-4ad9-9a1b-af0e591196dc
312,tammie bright,Niger,Laptop,48,10149.09,,07-03-2025,,ac7051d1-d051-467f-ac2a-c34b9e0b7b01
313,jessica garcia,Plateau,Headphones,48,198229.21,,10/29/2024,Online,eb2ec80e-4c25-4823-8cf4-ffb0b4bba73f
314,shelia wallace,Plateau,Charger,79,184669.5,14588890.5,3/14/2024,Wholesale,ac0f6801-15b2-4e1d-9715-46339d4edb71
315,stephanie williams,Bauchi,Monitor,11,280903.26,3089935.86,11/14/2023,Online,3d131a3d-1e2c-4e7d-902c-f0ee224a66a6
316,elaine brooks,Sokoto,Keyboard,33,266767.88,8803340.04,05-11-2024,Direct,
317,joseph knight,Anambra,Tablet,48,72579.56,,10/31/2024,Retail,5f90fc87-2edc-417e-9df0-5d184e2d6255
318,carolyn miller,Enugu,Monitor,48,158687.85,,02-04-2025,Retail,63725424-82c5-4b21-a430-12dab1850eb8
319,Unknown Name,Sokoto,Phone,48,20653.63,,4/25/2025,Direct,93267d25-234b-4562-98af-5cca6b11b7cb
320,lisa allen,Delta,Keyboard,48,178386.27,,2/28/2024,,7c966b55-2f8d-4ded-ac4c-450b623ad0fc
321,briana murray,Anambra,Laptop,48,134209.1,,10/14/2024,,eb4e2281-b184-41fc-8991-b01aa2b03c4b
322,david smith,Benue,Charger,16,201771.08,3228337.28,3/28/2024,Direct,2c591da8-fff9-4acf-ae42-05eea52fc3ec
323,stephanie byrd,Oyo,Tablet,48,261727.62,,08-08-2024,Direct,49f1137d-7d59-4e19-aab7-b2ef8e0ec033
324,jeremy reed,Borno,Charger,48,73797.88,,4/14/2025,Direct,d78c57d3-5088-40d3-afe5-b14023ea7956
325,margaret coleman,Ekiti,Laptop,59,13748.9,811185.1,08-09-2024,Direct,dd92dd7c-0db9-47a9-9e91-a71c7374ccbf
326,ryan gonzalez,Sokoto,Monitor,48,131969.36,,8/27/2024,Direct,7c0f549d-0274-4f73-b3ab-ea0d5be9fdb3
327,john young,Kano,Phone,48,162158.06,,7/25/2024,Direct,624a2a50-d0b1-4de0-b1f3-f0c022f3f068
328,laura haney,Lagos,Keyboard,48,158687.85,,01-11-2025,Retail,a72f947d-8164-42cb-8fc3-d7d3f6bd80c7
329,william barrett,Ekiti,Monitor,48,226438.52,,9/20/2024,Online,7de1bf5d-af48-47f0-a8bd-075b7eb6581e
330,keith jennings,Katsina,Phone,48,232931.05,,2/28/2024,,
331,amber obrien,Plateau,Camera,48,42470.6,,7/13/2024,Online,71a0449d-d703-462f-b5cb-e3f56a66c184
332,Unknown Name,Rivers,Charger,55,298048.29,16392655.95,04-04-2025,Retail,90bde900-1529-46f5-aad1-1fe87d1b695e
333,tanner mitchell,Kano,Keyboard,48,70631.37,,7/23/2023,Wholesale,38749f3c-c2d4-4b56-8bbe-d98007e67cb0
334,heather fields,Imo,Keyboard,48,274960.91,,4/22/2024,Online,398f569b-465c-42cb-885e-b4894ac66780
335,megan le,Enugu,Phone,54,173045.05,9344432.7,3/24/2024,Wholesale,c7de96ea-2b0f-4e44-89e6-4c2289a0b7eb
336,sara fuller,Bauchi,Camera,48,173453.71,,12/15/2024,Retail,c5c5ae8a-be15-4d12-90ce-77e9751303b9
337,maria parker,Anambra,Tablet,48,231875.19,,10-04-2023,,82c42e48-8cba-4ae5-becc-daf4c4134dc2
338,kevin oconnor,Oyo,Headphones,47,158687.85,,5/29/2024,Wholesale,44945e09-1d3c-45a4-929d-63771cfb655f
339,edward burgess,Osun,Tablet,48,245605.56,,10-06-2024,Retail,fdab3441-d2c2-4960-8b09-01abc66dceb3
340,carlos ryan,Kano,Keyboard,48,71452.76,,03-05-2024,Direct,c1bcbe59-d296-412d-8ac3-5ac45deaa737
341,kiara mcintyre,Delta,Keyboard,71,262939.37,18668695.27,3/20/2025,,70fd6672-b80f-46c5-828f-a16b0aa6fcb9
342,dawn summers,Osun,Laptop,48,295715.82,,06-08-2025,Direct,6cd6f011-fd61-413b-b7f2-5d368bddcee3
343,paul morgan,Borno,Phone,48,156614.69,,1/24/2025,,a757075b-d47f-43b1-bc69-c1551a37f6bd
344,victor taylor,Kaduna,Camera,48,124361.28,,5/18/2025,,
345,Unknown Name,Ekiti,Headphones,48,82908.6,,12/26/2024,Online,dff389aa-4c36-470c-bf5e-3b8cc0582da5
346,shannon ramsey,Imo,Tablet,48,167237.08,,11-10-2024,,4347dbca-7321-48b2-8840-405affd2f491
347,tracy ballard,Borno,Phone,48,177704.3,,7/31/2023,Online,164484a0-d115-4fff-9cb9-1d5f593c572b
348,richard smith,Katsina,Monitor,48,158687.85,,10/16/2024,Wholesale,1e0d02b5-fe74-42cd-9d83-ad037066e289
349,jordan chambers,Bauchi,Laptop,48,220696.03,,7/13/2024,,35ba9357-3ca8-4f31-8fd7-f3b9c68fcba5
350,lauren carson,Lagos,Camera,48,52952.39,,02-02-2024,Wholesale,b06b0f0c-9682-4e22-bcd4-344fcf8a368e
351,ashley hall,Imo,Laptop,48,203785.66,,12-01-2024,,9c3a1e0b-b5f3-48aa-9c6d-afff59c2f153
352,stephen hoffman,Borno,Keyboard,18,166977.27,3005590.86,03-10-2025,Online,9dbc15c0-2a7d-457c-ad9c-5b50a1fd4187
353,connie brown,Rivers,Laptop,48,14541.79,,03-04-2025,Direct,d0437e4c-34e5-4699-88eb-e27a23a4e70e
354,susan turner,Oyo,Headphones,48,103652.24,,10-02-2024,,91f0647d-0f32-4333-8e31-593734fa32b6
355,charles shah,Anambra,Keyboard,48,193173.16,,10-01-2024,Retail,98cbaa52-47f5-4019-8843-8de259cf0b0d
356,johnathan davis,Rivers,Tablet,48,114655.81,,01-03-2024,Direct,fa9fc10e-52da-4681-ab1a-c76c89ecbc51
357,brandy chavez,Rivers,Tablet,48,157576.69,,1/21/2025,Online,929ecc92-4a11-4e44-8aea-1b8fb43cde0a
358,Unknown Name,Imo,Monitor,24,158687.85,,8/19/2023,Retail,
359,natalie bautista,Oyo,Keyboard,48,209044.37,,10-06-2024,Wholesale,83b0b35c-dba6-4df8-b3d0-4ffb44709848
360,patrick moore,Anambra,Keyboard,48,122773.62,,7/18/2024,Online,d0afb235-ade6-4f51-a670-93a0fc48f615
361,brett burns,Borno,Camera,48,90316.6,,11/20/2023,Direct,c0062b5b-f678-49b2-a2b5-f4571860ad28
362,trevor johnson,Katsina,Keyboard,26,55571.75,1444865.5,8/21/2024,Wholesale,0f2d5c15-eb34-4d3a-a95e-5ea9c9230c64
363,jeremy sampson,Enugu,Headphones,26,161609.52,4201847.52,11-10-2024,Wholesale,a7e8d18e-ddf6-44ac-86fe-acd4fe1393cd
364,ariana jennings,Sokoto,Monitor,48,72669.97,,1/21/2025,Online,21f8072d-ddb7-470e-b390-b059207bbe21
365,vanessa howard,Enugu,Camera,48,67990.69,,11-03-2024,Direct,5274ee11-b61d-4906-a570-35db3fead90a
366,colton martinez,Anambra,Headphones,48,257333.6,,03-03-2025,Online,d7f34368-c2ef-4ecb-bf5f-bf4fd4176230
367,jordan bates,Bauchi,Laptop,33,43733.35,1443200.55,4/24/2025,Retail,24655c39-7d4d-4add-a488-0945ad1db537
368,linda smith,Cross River,Tablet,48,158687.85,,05-01-2024,Retail,a0b85755-44ca-45a2-a1e5-18a293d228d4
369,dana martinez,Anambra,Monitor,48,139176.04,,11-02-2023,,135508d0-73b5-4ad5-a00b-4b356a0aa7d5
370,andrea hubbard,Abuja,Charger,46,17758.37,816885.02,04-09-2025,Wholesale,c4d598f7-e14f-4093-8b6a-d0c7a2356dd4
371,Unknown Name,Kano,Tablet,48,124096.91,,12/20/2024,,bff30c8d-83ff-4e96-a721-3a7017d50f59
372,daniel kane,Niger,Phone,35,125244.11,4383543.85,1/15/2024,Direct,
373,charles lester,Anambra,Tablet,48,159232.55,,08-04-2023,Retail,e097dedb-efb3-4939-b1d8-18874739cc7b
374,scott thomas,Abuja,Tablet,48,116831.51,,9/27/2024,,7cf07bb3-f343-49eb-b466-ef025e7b72c8
375,david thompson,Lagos,Keyboard,48,76871.2,,01-05-2025,Retail,de70bd30-00a2-4367-94fb-09f053c93ae7
376,allison smith,Sokoto,Headphones,44,99413.77,4374205.88,10-04-2023,Retail,17d821b8-bb93-4d40-98df-f535c62dbaea
377,cynthia morris,Oyo,Keyboard,48,24181.59,,12-06-2023,Retail,a284e8fd-755c-4e2a-b8de-d777bb1e5ae8
378,anthony harmon,Anambra,Keyboard,48,158687.85,,7/25/2023,Online,d9a09007-5bb4-4c18-b281-87c4aa055442
379,nichole alvarez,Kaduna,Charger,48,135211.15,,6/17/2024,,65d0b517-88d0-4abd-8bb1-8c791036708d
380,kayla rodriguez,Ekiti,Charger,48,111637.71,,03-10-2024,Wholesale,d3293724-6dfd-471a-b7d7-465d37c3b3c9
381,theresa williams,Imo,Monitor,55,160922.84,8850756.2,5/31/2024,,52a74a41-44be-4486-bea5-a387363be5cb
382,sharon boyd,Niger,Keyboard,48,248907.18,,11-05-2023,Wholesale,8c1c8b05-5677-4f36-8899-8e5fd40e53ce
383,victor brown,Imo,Charger,48,15935.22,,5/26/2024,,da385db5-90ee-4067-a16e-9fe593f37596
384,Unknown Name,Lagos,Camera,48,113461.81,,12/28/2024,,e4e751de-57ff-41d9-89ce-44bd7c3f1add
385,james parks,Rivers,Camera,14,181688.35,2543636.9,12/16/2023,Retail,0bc2ea72-0c64-4ca2-8323-1466aebbb90e
386,theodore jones,Kano,Monitor,48,12344.49,,5/24/2024,Wholesale,
387,ana hill,Oyo,Camera,48,22298.91,,08-03-2024,Wholesale,d6321d31-c8ac-4fcf-a04d-4d14197dbae1
388,kimberly nguyen,Imo,Monitor,48,158687.85,,03-03-2025,Wholesale,edef5003-1fce-41e3-842b-03ca75a72686
389,kerry chavez,Abuja,Phone,48,241492.86,,10/27/2024,,74de5f70-70f8-4dba-a871-9b9bdb8f0e32
390,michael farrell,Osun,Charger,48,176481.31,,6/24/2025,Wholesale,6d84414d-f541-41ea-bde9-1c42002c4c22
391,patricia le,Plateau,Keyboard,48,201599.43,,07-11-2024,,e8cee951-b047-4ea4-bee5-ce6933cb202e
392,jesse perez,Imo,Monitor,58,65496.45,3798794.1,5/18/2025,Online,4d470ed6-a666-4769-a1d4-6f8221c50e41
393,jesse perry,Oyo,Monitor,48,63062.28,,4/29/2025,Retail,e0688849-eec7-4a30-9fda-35b228b2bf21
394,jeffery ortega,Niger,Headphones,48,272156.33,,02-01-2025,Direct,5c457e4d-a793-43b8-97e5-2113462623be
395,christian leblanc,Oyo,Keyboard,48,91304.81,,1/25/2025,Online,aa1d3fc6-5f31-473d-9519-830c40198303
396,ronald davis,Abuja,Phone,8,272743.75,2181950,8/28/2023,Wholesale,0d41ee47-2a5f-4a18-a61f-0b96e75f745a
397,Unknown Name,Borno,Headphones,48,63936.43,,01-09-2025,Retail,b9da5f8c-4e35-4a80-a027-9a186576a410
398,parker cain,Osun,Charger,48,158687.85,,10/26/2023,Retail,6de21429-3bf0-49c1-8156-e501b30e96e8
399,laurie hoffman,Abuja,Laptop,48,57412.1,,8/16/2024,Retail,185df528-b425-4e19-9758-d47ea7cde143
400,bryan gomez,Osun,Keyboard,87,222571.82,19363748.34,12/19/2023,Retail,
401,nicole parrish,Enugu,Laptop,4,224190.33,896761.32,9/18/2024,Wholesale,13f3cade-7a10-413f-b6a2-c52b00473139
402,tracy burke,Delta,Keyboard,48,226422.06,,3/19/2024,Retail,84fa4c72-39e7-44f1-97fb-613a21f89d06
403,kenneth lewis,Rivers,Phone,57,274375.17,15639384.69,12-06-2024,Direct,02106371-0260-4123-b1ef-e72aae13591e
404,courtney rodriguez,Osun,Headphones,17,208840.07,3550281.19,7/16/2024,Direct,1edf3bfa-d12e-4eb5-97f4-79b5b212a6ee
405,holly farmer,Imo,Monitor,48,211278.69,,8/22/2024,Retail,b1ac040d-6c1c-4405-9c3f-42e0fcf7b842
406,renee bruce,Niger,Headphones,48,119291.3,,4/28/2024,,3a9c4308-1221-4ddf-ba4a-902f21d63b0f
407,sabrina austin,Katsina,Laptop,48,72179.62,,03-10-2024,Wholesale,ce532ffd-bb13-4f02-96de-66c96210def6
408,allison hickman,Oyo,Keyboard,48,158687.85,,11/22/2023,Direct,5e1885c3-5037-4d6b-9a6b-6a7d1a38aad6
409,debra white,Delta,Tablet,48,96823.7,,07-02-2024,Direct,61fa01ba-231a-47c7-8c9b-ff5ce1887eaf
410,Unknown Name,Kaduna,Charger,48,85276.23,,6/18/2025,Direct,dfdf0e05-c0ce-431b-9038-e153c601818b
411,ellen morgan,Kaduna,Monitor,48,140142.01,,8/28/2024,Online,ad58db1b-fe31-437a-a43e-558c2215df00
412,sergio knight,Niger,Laptop,98,194792.04,19089619.92,04-01-2024,Online,9033da65-87cf-43fd-9183-6c4f249204c7
413,charles schultz,Lagos,Charger,74,92872.47,6872562.78,09-07-2024,Direct,2a038ad4-a667-4982-9c3d-e1b0022b6683
414,paul lewis,Kaduna,Monitor,48,108213.56,,04-11-2024,,
415,glen wood,Sokoto,Charger,48,264902.18,,12/16/2024,Wholesale,368acd40-b8f1-4e3c-99e7-703a70aa5b0d
416,paula bradley,Niger,Keyboard,48,140068.22,,03-01-2025,Wholesale,eb7e2e64-26c0-447e-bf8e-8bfaa0c9da72
417,anthony moore,Delta,Phone,32,240943.58,7710194.56,5/14/2025,Direct,714011a1-afc2-4cfc-9db7-284b6965d1d1
418,megan nelson,Anambra,Laptop,48,158687.85,,1/20/2025,Direct,e5871d89-1631-4fc6-b79d-58f9dc268108
419,karla ramos,Kaduna,Camera,48,216862.87,,12/20/2024,Wholesale,1f873b46-c0a0-473a-a3d7-e6a119b814fc
420,paul wilson,Rivers,Tablet,48,228607.88,,11/21/2024,,59fe3d53-624f-4a4b-bae1-e13796ee50e5
421,douglas gregory,Benue,Camera,72,96409.87,6941510.64,3/26/2025,Online,ca840003-5083-4fef-adec-6bbdf69777a1
422,andrew foster,Abuja,Laptop,48,61336.68,,12/30/2024,Online,a505da9c-46e7-4a2c-bf6e-ed9d23cbe943
423,Unknown Name,Cross River,Monitor,48,94220.14,,02-01-2024,Direct,99db1302-8dab-46d3-bf87-dfc2159152f2
424,aimee turner,Delta,Laptop,48,14191.78,,10/26/2024,Wholesale,48f091f0-9b8b-48ae-b89f-3a92999a1d86
425,chad scott,Enugu,Laptop,48,259293.41,,7/21/2024,Online,06ddf6ca-b0c3-4a59-b0f7-ad22c76a8e0f
426,adam burgess,Ekiti,Keyboard,63,222505.09,14017820.67,12-07-2023,,e03635fc-a88d-4108-98d9-94b8d90f74e9
427,james padilla,Osun,Headphones,16,5357.86,85725.76,1/18/2024,Direct,9b5f8f39-848b-44f0-b498-17354d38e415
428,sandra drake,Borno,Tablet,48,158687.85,,02-12-2024,Retail,
429,scott williams,Delta,Phone,48,166216.81,,9/16/2024,Direct,6449cb6f-bf72-4e52-b04b-237082701238
430,thomas atkins,Delta,Phone,57,175417.55,9998800.35,2/27/2024,Retail,c8a738ab-0df8-4e12-a56b-61e04ba8a4ca
431,laura mckinney,Lagos,Charger,48,216143.58,,01-01-2024,Direct,3d4574eb-f465-4a21-8b35-097ae5dd98f1
432,brian smith,Enugu,Phone,48,88910.09,,2/27/2024,Wholesale,3db788a6-1cdc-44c2-a2c9-65b27eb0f62a
433,robert montgomery,Benue,Tablet,91,59259.44,5392609.04,2/28/2025,Wholesale,122dd7be-980b-481e-a359-5d1f7fe4a42e
434,tamara davis,Sokoto,Charger,48,69390.58,,2/20/2024,Wholesale,0316d2d6-fa4a-48ef-a383-7348873dc8bd
435,dana chapman,Anambra,Charger,48,171151.96,,01-08-2025,Wholesale,51045a16-ef15-4b72-9c70-ee97fca45567
436,Unknown Name,Kano,Monitor,48,74096.14,,12/18/2023,,d6c6f45c-dc5e-4e78-a307-d4d121c9a15d
437,jennifer collins,Anambra,Headphones,48,165417.44,,12/28/2024,,8bde005b-5d8b-4bd7-abbd-b66f91816091
438,gary jackson,Osun,Camera,82,158687.85,,01-08-2025,Retail,78946a15-c342-41db-ac3a-acdcaed54a46
439,ashley hicks,Bauchi,Monitor,48,283067.63,,7/24/2024,,12af97e4-c536-466e-bcc4-091bf45707c6
440,hannah luna,Benue,Headphones,29,101600.5,2946414.5,3/13/2024,Direct,0387f74d-1149-4096-965d-744f0445c1a8
441,robin young,Imo,Headphones,26,229126.51,5957289.26,7/17/2024,Wholesale,ec2e2815-0a32-47d2-b73a-edf8431e930f
442,craig morrison,Sokoto,Headphones,48,146842.02,,04-06-2024,Online,
443,mary thompson,Lagos,Laptop,48,217205.6,,9/18/2024,Online,65e1b0f5-ca0e-48c4-b2dc-b12b0f7ae302
444,kathleen webster,Rivers,Monitor,48,222008.43,,07-05-2025,Online,b66edbf4-a0ea-4251-8957-43a281b13b80
445,joann glass,Anambra,Camera,48,138518.29,,07-05-2025,Direct,6c6f6d2e-6a59-4043-8461-52348044beb2
446,madison weber,Kaduna,Keyboard,71,219965.28,15617534.88,3/19/2025,Online,a3fa4069-1519-4d38-a6fb-a71db3a9dcaa
447,lori hernandez,Plateau,Headphones,79,105976.76,8372164.04,1/21/2025,Online,271610c1-9db5-4283-89a3-c811895c4fde
448,jeremy turner,Anambra,Camera,48,158687.85,,02-08-2024,Retail,143ac1c5-4f56-4ed5-9566-9e364708203b
449,Unknown Name,Abuja,Keyboard,48,42417.58,,2/19/2024,Direct,f96c9a0a-3404-402a-abc1-bb5282e4dd4a
450,anthony romero,Rivers,Tablet,48,164190.63,,10/13/2023,Direct,53a5e850-8950-4dd6-a7c6-cbb1cedd069d
451,jesse brown,Katsina,Keyboard,48,55622.31,,9/28/2024,Online,c362a810-a261-4b8d-9620-bee66406face
452,angela lin,Niger,Tablet,48,266864.68,,12/17/2024,Direct,a4a5c736-ae59-4a52-a65b-e22bd5a386d9
453,lisa hunter,Osun,Phone,74,297101.9,21985540.6,09-04-2024,Retail,6fff15cc-b2dc-4c34-8f67-448e10eceb1f
454,julian conner,Sokoto,Keyboard,48,287192.45,,4/30/2024,Retail,3d175712-d8b2-4277-b413-db19bade8d5d
455,joanna pacheco,Niger,Tablet,83,157421.35,13065972.05,06-05-2025,Wholesale,ecb4678c-1612-4aa6-be96-39ba0ed2ec9d
456,erica alvarez,Katsina,Headphones,48,251801.01,,05-12-2024,Retail,
457,antonio garcia,Bauchi,Laptop,48,22761.96,,04-06-2025,Wholesale,9cbf7b8c-7410-4d5d-9db1-4bfc6f3a5115
458,gwendolyn klein,Rivers,Keyboard,45,158687.85,,04-04-2024,Online,aa8430f8-4f2d-4233-8e16-5b129bdc70d1
459,carrie wright,Benue,Charger,48,245489.78,,03-02-2025,Wholesale,2cf72140-bd9b-4648-a876-1e85bddfa03a
460,jeffrey mills,Plateau,Tablet,48,15030.06,,3/26/2025,Wholesale,23204ff5-b538-496c-833e-02f71e93d127
461,jake campbell,Enugu,Monitor,24,2411.96,57887.04,11-01-2023,Online,7f14eafa-29f0-4f7c-82e7-df89b3957a98
462,Unknown Name,Anambra,Tablet,48,41678.71,,2/21/2024,Wholesale,8468b74d-85e3-4de5-98c1-aad6f3f8dea4
463,george harper,Abuja,Keyboard,8,189395.14,1515161.12,08-12-2023,Retail,425e0259-b884-46d2-928f-cf68c871d7b3
464,maria jones,Niger,Tablet,67,20856.4,1397378.8,2/19/2024,Online,bff15840-207e-463f-9f32-d5d82abe1585
465,michael mitchell,Lagos,Camera,39,45733.38,1783601.82,1/15/2025,Direct,bba1aed9-44cd-4fdd-9f9b-141ec7f7bda1
466,mary escobar,Bauchi,Monitor,48,66006.54,,09-10-2023,Wholesale,e65fad87-c57c-4498-9e38-f711e2ec13f4
467,felicia aguilar,Imo,Keyboard,91,137074.89,12473814.99,04-05-2024,Retail,6de8370a-ce9e-4ebd-95c3-48530783e43c
468,gregory ponce,Enugu,Laptop,48,158687.85,,6/27/2025,Direct,4350ab06-1059-4a28-861b-4f5b45a08539
469,jenna larson,Osun,Camera,37,18604.81,688377.97,6/18/2024,Online,a0a5fde6-939f-41a2-b99c-ea5cb65ad0f1
470,emily bennett,Niger,Monitor,33,191499.71,6319490.43,12-01-2024,Online,
471,robin santiago,Kano,Charger,48,280204.16,,1/26/2024,Online,82c299f0-7487-4772-bf03-86fa13badc91
472,nancy jennings,Sokoto,Tablet,36,273869.06,9859286.16,02-10-2025,Retail,dbff00b0-7fe6-40f3-8e31-41ec5c311464
473,maria henderson,Katsina,Tablet,48,197955.66,,7/17/2024,Direct,28457780-5e20-4957-aab8-bd33911f730b
474,jack white,Sokoto,Phone,48,5211.66,,12/24/2023,Online,e4eec67c-1a57-49e4-85f8-e2f8414f4994
475,Unknown Name,Rivers,Monitor,48,159897.64,,12/14/2023,Retail,1d8680cb-b908-40f3-ac93-281a92ebeab0
476,travis tucker,Borno,Tablet,83,123695.88,10266758.04,4/14/2025,,00a85473-8242-4912-bda3-c1623a78b64a
477,chad jones,Bauchi,Phone,48,5509.48,,09-01-2024,Retail,03254fbd-dce8-41c5-9bd3-0aec0b461173
478,ashley wise,Borno,Phone,20,158687.85,,02-06-2024,,5d2d904f-78c5-4073-8bc5-72073e9aec86
479,sophia johnson,Niger,Keyboard,48,216796.72,,07-04-2025,Direct,2dd0622e-266b-42ea-ab93-f78c620af158
480,ralph anderson,Sokoto,Tablet,48,160953.56,,9/19/2024,Online,090d9655-db84-4660-b5d8-fb91ee6081ac
481,christopher guerra,Benue,Camera,48,86363.22,,01-01-2025,Online,b6ca1127-e9f8-4970-8d98-f9e28d888beb
482,rhonda martin,Borno,Charger,6,150913.7,905482.2,02-06-2024,Wholesale,3979d5f5-6b5b-4975-a7dc-2bc0bd9c4693
483,jason rhodes,Imo,Camera,11,209508.79,2304596.69,10/25/2023,Online,ea75752d-6a8f-4acb-bf8e-2d0d52619dec
484,jeremy mitchell,Oyo,Camera,48,129456.68,,10-03-2023,Direct,
485,joann ferguson,Enugu,Tablet,48,281943.72,,10/31/2024,Retail,d3748a11-4571-4959-91e7-44e4b864ca08
486,robert harrison,Niger,Others,48,54190.42,,02-05-2025,Direct,1e910f36-5f70-4b25-9250-2e5913f06822
487,holly valentine,Benue,Laptop,48,275455.63,,10-08-2024,Online,0d7bec04-e6e5-4b32-ac5f-12ef8085c147
488,Unknown Name,Kaduna,Phone,82,158687.85,,01-12-2024,Retail,8409c5ea-cde9-48b3-b922-a7e42de982f8
489,diane reyes,Katsina,Tablet,48,157553.43,,1/15/2024,Direct,66a302d6-f43e-4c48-8bc1-f9e5fb3df063
490,tracy montoya,Plateau,Keyboard,48,72670.17,,8/19/2023,Online,ddb449dc-7710-4966-a082-7f7611a529b4
491,brenda wright,Borno,Phone,48,186124.36,,12-12-2024,Online,4f89e3b2-d847-4c53-8605-e58a48454343
492,shelly spencer,Benue,Charger,62,76099.25,4718153.5,6/13/2025,Online,74ed5145-8d97-45c7-961d-5c8753c9fe59
493,ryan rosales,Imo,Headphones,48,106655.11,,8/26/2024,Wholesale,4aa5f9d3-335f-4f59-9e71-7fca020a4497
494,phillip nelson,Lagos,Laptop,48,238583.43,,01-02-2024,Wholesale,bd54da04-4dcd-4009-88d5-77179055a36f
495,brittany kim,Borno,Tablet,48,24166.26,,11/17/2024,Wholesale,5e472e22-76c3-4642-be19-fc1d9f6a6a65
496,courtney hayes,Borno,Charger,8,287809.69,2302477.52,01-07-2024,Retail,ff6ef9ed-7e4c-429f-b8cb-ab4c97790e84
497,alexander brown,Enugu,Monitor,48,137969.82,,8/20/2023,Direct,bb82b796-3207-443e-86a0-7656c5c9fb91
498,cynthia vang,Niger,Headphones,48,158687.85,,9/26/2023,Retail,
499,alfred galvan,Plateau,Camera,48,73340.76,,5/27/2024,Retail,cbc4ec0e-c2ae-4674-8beb-4e78e68373a3
500,marie moody,Katsina,Headphones,78,209322.28,16327137.84,3/23/2024,Online,eeb19ad2-01a1-4b0f-a68b-84b63ec0a285
501,Unknown Name,Sokoto,Charger,48,90342.4,,1/18/2025,,8aa2b4c9-3ba5-4d76-861e-fb9568f82063
502,dustin gallegos,Ekiti,Tablet,48,248504.59,,07-11-2024,,b186a5a8-d6ee-426b-a2cd-159058af393c
503,brenda thornton,Ekiti,Headphones,48,24644.77,,9/27/2023,Online,55c3b2db-f374-490d-8274-ce40e09016b6
504,aaron miller,Ekiti,Tablet,48,297506.57,,12/21/2024,,60538c1b-a845-40a1-8249-2e5e005fd0e6
505,ruben dunn,Enugu,Keyboard,48,195143.39,,2/28/2025,Retail,4eb9047d-ba2a-43d9-bcf2-fc3bd95874c2
506,kelsey rodriguez,Bauchi,Tablet,48,9989.51,,10/25/2023,Direct,fbad793f-87a1-4c02-b487-9e411a9c672a
507,eric williams,Cross River,Charger,48,121880.85,,7/15/2023,Wholesale,f610396b-7df5-4abf-ab79-0d013cf88d20
508,riley bryant,Kaduna,Laptop,48,158687.85,,09-10-2024,Retail,247296a4-ff38-4918-b8f9-a45d0f554896
509,taylor carlson,Kano,Keyboard,58,113462.29,6580812.82,07-01-2025,Retail,0b3d0c36-17d0-4810-87a2-a10bb62edb49
510,jose allen,Borno,Laptop,19,143063.53,2718207.07,11-10-2023,Direct,d872f72e-e5b4-41ae-bb41-c943ebd8a3b1
511,jeffrey mendez,Bauchi,Headphones,48,191206.05,,5/22/2024,,e5449887-b36a-43ed-a9be-173a850ef0ad
512,jason beck,Katsina,Camera,48,211002.12,,11/29/2024,Direct,
513,william jones,Sokoto,Monitor,54,25264.49,1364282.46,07-06-2025,Retail,bf7655d7-f97c-4c3c-b55d-814b5f5ba255
514,Unknown Name,Kano,Charger,48,253676.27,,5/25/2025,Online,8163b6ce-1877-4c06-94ad-625215bc2a3e
515,katie mcneil,Delta,Laptop,48,193649.72,,5/23/2025,Online,64f434d6-d1e9-4691-a320-9116222df6a4
516,jeanette harrison,Borno,Monitor,41,99715.55,4088337.55,7/14/2024,Retail,0ff1c51f-915c-431b-9786-7b1213281726
517,veronica king,Delta,Phone,98,293210.1,28734589.8,7/15/2024,Online,21761930-f6d7-4248-a995-ecc36f5b09a6
518,richard cooper,Enugu,Tablet,48,158687.85,,11/27/2024,,d9d57b02-42d0-4d55-8aab-47b23c9d128a
519,lori ingram,Oyo,Laptop,48,292165.0,,12-12-2023,Direct,64988bde-cd02-44db-ad11-15d750a46c85
520,evelyn williams,Lagos,Keyboard,48,268489.97,,2/17/2025,Wholesale,53853918-bc40-45fa-94f7-6322b362c0d2
521,robin thompson,Abuja,Charger,3,275786.09,827358.27,2/19/2024,Direct,3bcdf203-459e-4674-b3e7-f042516c3b0a
522,julie dominguez,Delta,Tablet,48,69315.07,,3/16/2024,Wholesale,22d839d3-33e4-4986-b18c-ccdc131eb723
523,robin brown,Cross River,Monitor,59,270431.25,15955443.75,2/17/2024,Retail,1be5a4c3-95af-4d0c-8528-5425c7a9f33c
524,judith carter,Katsina,Charger,48,207840.17,,11/23/2024,Retail,7316ce64-2a14-4a96-9b0c-62eb27c8fc6c
525,curtis williams,Kano,Laptop,46,170251.85,7831585.1,8/25/2023,Wholesale,1ee89a4c-6811-44e2-9064-7c59774f6354
526,kaylee hays,Ekiti,Camera,48,81692.97,,6/15/2025,Online,
527,Unknown Name,Niger,Keyboard,48,277285.7,,2/27/2025,Retail,c534ca08-f6f2-4d1c-9bb8-b9c8893259f3
528,dawn mullins,Plateau,Phone,48,158687.85,,9/18/2023,,769de1e3-4eed-4124-b3b0-d6763527a5c8
529,howard norman,Enugu,Charger,48,205486.41,,11/28/2024,,1725d2c7-1eb2-47b8-9a3c-45ca43d78f2b
530,evelyn martinez,Benue,Camera,69,84471.72,5828548.68,9/28/2024,,4de1087b-afa1-4a55-8ebe-abaa28597b34
531,steve paul,Cross River,Laptop,48,163137.69,,01-07-2024,,9a72083c-b266-486c-b467-88bdd38e13e4
532,jasmine beltran,Benue,Keyboard,48,197603.72,,8/29/2024,Wholesale,db4862c2-d5ff-4a1f-b70b-9a290a530df9
533,jonathan glass,Delta,Tablet,48,54216.67,,02-03-2025,Online,b60e695c-1759-4a96-a5f8-8c7453ea4919
534,monica miller,Oyo,Monitor,48,255203.07,,1/22/2025,Wholesale,657046ea-5b11-451f-b7e9-101d3f8b4433
535,samantha gardner,Lagos,Laptop,47,5189.6,243911.2,05-01-2025,Retail,4c80d33a-ad5b-43c8-8c88-0714837217e0
536,bobby guerrero,Rivers,Headphones,52,62543.86,3252280.72,07-07-2025,,2c82989f-fd9c-4bb0-91f1-6485429a4a7c
537,lance simmons,Niger,Phone,48,43685.37,,08-08-2023,,dac726b6-6786-4fb3-b3bc-9a7107f4fee5
538,heather williams,Delta,Phone,48,158687.85,,6/19/2025,,8cd4b90a-bf82-41bc-8e52-fc4273c374a6
539,heather bolton,Kaduna,Tablet,48,246296.88,,6/25/2025,Retail,1a16998c-7648-476e-983f-ea703ff6579e
540,Unknown Name,Bauchi,Keyboard,48,246360.27,,11/23/2023,Direct,
541,william gould,Ekiti,Laptop,48,278698.04,,5/30/2024,Wholesale,1f178f93-23c9-4a1e-8b37-1d97cdcc2d6a
542,mark cox,Abuja,Laptop,48,90133.43,,5/26/2025,Online,c7ecfe71-d493-47fc-8fc9-8d2e030f9be9
543,meghan cisneros,Imo,Camera,48,169405.48,,4/21/2025,Retail,32b8d8aa-2176-4dd7-b8e7-e019fb8986c8
544,lawrence harrington,Delta,Headphones,48,170225.43,,11/24/2023,Direct,afb06406-5f4b-4a97-a68c-879bd2dc42c8
545,austin osborne,Rivers,Monitor,16,254908.01,4078528.16,07-05-2025,Direct,15839b99-a50a-43dc-b004-e897a15b2e18
546,james bradley,Ekiti,Keyboard,48,203271.97,,6/24/2025,Online,eadc9960-4242-41e2-960b-e0f495132c22
547,meghan rush,Oyo,Charger,48,162398.45,,08-08-2023,Retail,ff45f8a2-0594-424f-9332-5c31d010318a
548,phillip berry,Ekiti,Monitor,48,158687.85,,4/20/2025,Direct,a55f65b7-e709-4ba6-b29f-c41710813d45
549,jennifer banks,Bauchi,Headphones,97,115461.94,11199808.18,5/14/2024,,178be968-20f8-4ba2-8f2e-32967184b713
550,brian fitzgerald,Imo,Monitor,48,222053.68,,3/14/2025,Online,cf133b65-d450-4fa2-98e7-0aebe7b33085
551,justin green,Katsina,Laptop,48,237254.18,,7/29/2024,,f1394e3c-0aee-4557-9f5d-f91254e07431
552,zachary mitchell,Sokoto,Keyboard,65,206948.51,13451653.15,12-02-2023,Online,ec93e596-2b01-4723-8cf6-97a57603c36c
553,Unknown Name,Ekiti,Monitor,6,23989.09,143934.54,07-07-2025,Wholesale,b9744cde-d259-4960-aee3-560792ea1324
554,katherine martinez,Katsina,Others,48,223764.24,,02-11-2025,Wholesale,
555,jodi roach,Bauchi,Phone,48,104084.92,,5/18/2025,Retail,61fa8e7a-078c-46ce-bf02-23bc651ea252
556,brandon fleming,Niger,Charger,48,29756.89,,6/29/2025,Direct,5a9c0679-2c3d-47e2-ad39-da75aee70ab2
557,Unknown Name,Imo,Camera,48,70027.13,,2/20/2024,,46653497-2fe9-42aa-a886-a01136f7a26c
